T (K),P (Mpa),Structure
245.1,0.03951,II
260.4,0.08839,II
261.2,0.09653,II
268.3,0.13617,II
270.8,0.15065,II
273.55,0.186,II
273.89,0.208,II
274.52,0.237,II
275.47,0.291,II
276.36,0.351,II
277.32,0.435,II
277.87,0.494,II
278.03,0.512,II
278.3,0.541,II
278.52,0.567,II
